101,Wallmart,33167 Mimai Fl,(561) 3082038,122
102,Best Buy,33168 Mimai Fl,(561) 3082039,123
3,Target,33169 Orlando FL,(561) 3082040,124
4,BJS,33170 Orlando FL,(561) 3082041,125
105,Alibaba,33171 Orlando FL,(561) 3082042,126
6,Amazon,33172 Orlando FL,(561) 3082043,127
7,Shein,33173 Orlando FL,(561) 3082044,128
8,Home Depot,33174 Boca Raton Fl,(561) 3082045,129
9,Beautsy,33175 Boca Raton Fl,(561) 3082046,130
10,Beauty Planet,33176 Boca Raton Fl,(561) 3082047,131
11,Aces Fabric,33177 Boca Raton Fl,(561) 3082048,132
12,Loose Fabric,33178 Boca Raton Fl,(561) 3082049,133
13,Interiorsonus,12334 Ningbo China,(561) 3082050,134
14,Zephyr Interiors,12335 Ningbo China,(561) 3082051,135
15,Botanica Green,12336 Ningbo China,(561) 3082052,136
16,Greenorame,12337 Ningbo China,(561) 3082053,137
17,Petster,12338 Ningbo China,(561) 3082054,138
18,Scoot Pets,12339 Ningbo China,(561) 3082055,139
19,Canvas Crafts,12340 Hanzhou  China,(561) 3082056,140
20,Dream Crafts,12341 Hanzhou  China,(561) 3082057,141
21,Crummy Baby,12342 Hanzhou  China,(561) 3082058,142
22,Sprout Baby,12343 Hanzhou  China,(561) 3082059,143
23,Toyscape,12344 Hanzhou  China,(561) 3082060,144
24,Commerce Toys,12345 Hanzhou  China,(561) 3082061,145
25,Knight Tech,12346 Hanzhou  China,(561) 3082062,146
26,Freak Tech,12347 Hanzhou  China,(561) 3082063,147
27,Fodder Food,12348 Hanzhou  China,(561) 3082064,148
28,Foodify,12349 Hanzhou  China,(561) 3082065,149
